"GO_term","Comparison","log10_pvalue","Cluster","p_value","IC","description","Cluster_summary"
"GO:0006959","Discovery",-7.78847900275977,1,61443932.4116744,5.79178699257733,"HUMORAL_IMMUNE_RESPONSE","IMMUNE_RESPONSE"
"GO:0006959","Validation",-7.17845432137145,1,15081839.7302268,5.79178699257733,"HUMORAL_IMMUNE_RESPONSE","IMMUNE_RESPONSE"
"GO:0002250","Discovery",-7.78847900275977,1,61443932.4116744,5.04292920500338,"ADAPTIVE_IMMUNE_RESPONSE","IMMUNE_RESPONSE"
"GO:0002250","Validation",-5.88487582311363,1,767142.110707671,5.04292920500338,"ADAPTIVE_IMMUNE_RESPONSE","IMMUNE_RESPONSE"
"GO:0098542","Discovery",-7.78847900275977,2,61443932.4116744,4.13554501394543,"DEFENSE_RESPONSE_TO_OTHER_ORGANISM","DEFENSE_RESPONSE"
"GO:0098542","Validation",-7.17845432137145,2,15081839.7302268,4.13554501394543,"DEFENSE_RESPONSE_TO_OTHER_ORGANISM","DEFENSE_RESPONSE"
"GO:0006955","Discovery",-7.78847900275977,1,61443932.4116744,3.54599273393003,"IMMUNE_RESPONSE","IMMUNE_RESPONSE"
"GO:0006955","Validation",-6.21226652064825,1,1630296.21644148,3.54599273393003,"IMMUNE_RESPONSE","IMMUNE_RESPONSE"
"GO:0006956","Discovery",-7.70490559550221,1,50688051.3456299,6.62803501677795,"COMPLEMENT_ACTIVATION","IMMUNE_RESPONSE"
"GO:0006956","Validation",-5.96228652494781,1,916825.164269724,6.62803501677795,"COMPLEMENT_ACTIVATION","IMMUNE_RESPONSE"
"GO:0045087","Discovery",-7.18152125910431,2,15188722.9037264,4.77867207606764,"INNATE_IMMUNE_RESPONSE","DEFENSE_RESPONSE"
"GO:0045087","Validation",-6.93660804970553,2,8641876.38330019,4.77867207606764,"INNATE_IMMUNE_RESPONSE","DEFENSE_RESPONSE"
"GO:0006952","Discovery",-7.18152125910431,2,15188722.9037264,3.67653599820079,"DEFENSE_RESPONSE","DEFENSE_RESPONSE"
"GO:0006952","Validation",-7.24836305960862,2,17715893.4498884,3.67653599820079,"DEFENSE_RESPONSE","DEFENSE_RESPONSE"
"GO:0002455","Discovery",-6.29952492923523,1,1993080.90908459,7.0827711738929,"HUMORAL_IMMUNE_RESPONSE_MEDIATED_BY_CIRCULATING_IMMUNOGLOBULIN","IMMUNE_RESPONSE"
"GO:0002455","Validation",-5.11800910950504,1,131222.742323941,7.0827711738929,"HUMORAL_IMMUNE_RESPONSE_MEDIATED_BY_CIRCULATING_IMMUNOGLOBULIN","IMMUNE_RESPONSE"
"GO:0002253","Discovery",-6.29952492923523,1,1993080.90908459,5.41163969245346,"ACTIVATION_OF_IMMUNE_RESPONSE","IMMUNE_RESPONSE"
"GO:0002253","Validation",-4.66129688375948,1,45845.5179634113,5.41163969245346,"ACTIVATION_OF_IMMUNE_RESPONSE","IMMUNE_RESPONSE"
"GO:0050778","Discovery",-6.14316958975215,1,1390495.50652517,4.95255730683964,"POSITIVE_REGULATION_OF_IMMUNE_RESPONSE","IMMUNE_RESPONSE"
"GO:0050778","Validation",-5.4276713709291,1,267714.177463155,4.95255730683964,"POSITIVE_REGULATION_OF_IMMUNE_RESPONSE","IMMUNE_RESPONSE"
"GO:0050776","Discovery",-5.38640243953675,1,243445.885859578,4.41438622918312,"REGULATION_OF_IMMUNE_RESPONSE","IMMUNE_RESPONSE"
"GO:0050776","Validation",-4.52107169152708,1,33194.9249831815,4.41438622918312,"REGULATION_OF_IMMUNE_RESPONSE","IMMUNE_RESPONSE"
"GO:0007599","Discovery",-5.25965784166574,3,181826.77742916,5.98668733157815,"HEMOSTASIS","CELLULAR_MACROMOLECULE_LOCALIZATION"
"GO:0007599","Validation",-2.9137080600781,3,819.800275782562,5.98668733157815,"HEMOSTASIS","CELLULAR_MACROMOLECULE_LOCALIZATION"
"GO:0002252","Discovery",-4.9663410662048,1,92542.4656044132,4.81330424044673,"IMMUNE_EFFECTOR_PROCESS","IMMUNE_RESPONSE"
"GO:0002252","Validation",-5.96228027997611,1,916811.980804872,4.81330424044673,"IMMUNE_EFFECTOR_PROCESS","IMMUNE_RESPONSE"
"GO:0061045","Discovery",-4.68535814337592,2,48457.1807715321,7.23818527776693,"NEGATIVE_REGULATION_OF_WOUND_HEALING","DEFENSE_RESPONSE"
"GO:0061045","Validation",-3.99651458499279,2,9920.06653424611,7.23818527776693,"NEGATIVE_REGULATION_OF_WOUND_HEALING","DEFENSE_RESPONSE"
"GO:0044419","Discovery",-4.64847159362592,3,44511.4347887058,3.71573661105357,"BIOLOGICAL_PROCESS_INVOLVED_IN_INTERSPECIES_INTERACTION_BETWEEN_ORGANISMS","CELLULAR_MACROMOLECULE_LOCALIZATION"
"GO:0044419","Validation",-7.08920062254508,3,12280063.7828925,3.71573661105357,"BIOLOGICAL_PROCESS_INVOLVED_IN_INTERSPECIES_INTERACTION_BETWEEN_ORGANISMS","CELLULAR_MACROMOLECULE_LOCALIZATION"
"GO:0005975","Discovery",4.50700126773122,4,3.11170725383569e-05,5.03020265046416,"CARBOHYDRATE_METABOLIC_PROCESS","PROTEOLYSIS"
"GO:0005975","Validation",1.47643883592386,4,0.0333857520842694,5.03020265046416,"CARBOHYDRATE_METABOLIC_PROCESS","PROTEOLYSIS"
"GO:0050819","Discovery",-4.43738438192127,3,27376.90707949,7.51122580022576,"NEGATIVE_REGULATION_OF_COAGULATION","CELLULAR_MACROMOLECULE_LOCALIZATION"
"GO:0050819","Validation",-3.19223151288358,3,1556.79530395075,7.51122580022576,"NEGATIVE_REGULATION_OF_COAGULATION","CELLULAR_MACROMOLECULE_LOCALIZATION"
"GO:0050818","Discovery",-4.37778568168141,3,23866.3322178148,7.17808135369722,"REGULATION_OF_COAGULATION","CELLULAR_MACROMOLECULE_LOCALIZATION"
"GO:0050818","Validation",-3.24409533471314,3,1754.26554944201,7.17808135369722,"REGULATION_OF_COAGULATION","CELLULAR_MACROMOLECULE_LOCALIZATION"
"GO:0019724","Discovery",-4.26358280584588,1,18347.7496573645,6.3488019988127,"B_CELL_MEDIATED_IMMUNITY","IMMUNE_RESPONSE"
"GO:0019724","Validation",-5.3543487983894,1,226125.113778081,6.3488019988127,"B_CELL_MEDIATED_IMMUNITY","IMMUNE_RESPONSE"
"GO:0030182","Discovery",4.25466074553917,5,5.56338678353296e-05,4.05132081773683,"NEURON_DIFFERENTIATION","TISSUE_DEVELOPMENT"
"GO:0030182","Validation",6.78038073070275,5,1.65813264349007e-07,4.05132081773683,"NEURON_DIFFERENTIATION","TISSUE_DEVELOPMENT"
"GO:0048666","Discovery",4.19050944897645,5,6.44897288638521e-05,4.35819167083948,"NEURON_DEVELOPMENT","TISSUE_DEVELOPMENT"
"GO:0048666","Validation",7.10354321025878,5,7.87874037789538e-08,4.35819167083948,"NEURON_DEVELOPMENT","TISSUE_DEVELOPMENT"
"GO:0050878","Discovery",-4.1701830586084,3,14797.3197563482,5.53908463902158,"REGULATION_OF_BODY_FLUID_LEVELS","CELLULAR_MACROMOLECULE_LOCALIZATION"
"GO:0050878","Validation",-1.57503970561943,3,37.5871767007172,5.53908463902158,"REGULATION_OF_BODY_FLUID_LEVELS","CELLULAR_MACROMOLECULE_LOCALIZATION"
"GO:0002682","Discovery",-4.04351293973961,1,11053.8340362661,3.73393091650586,"REGULATION_OF_IMMUNE_SYSTEM_PROCESS","IMMUNE_RESPONSE"
"GO:0002682","Validation",-5.24307282104387,1,175014.012165579,3.73393091650586,"REGULATION_OF_IMMUNE_SYSTEM_PROCESS","IMMUNE_RESPONSE"
"GO:0042730","Discovery",-4.02705593002241,2,10642.8007125617,8.20437298078571,"FIBRINOLYSIS","DEFENSE_RESPONSE"
"GO:0042730","Validation",-2.08870802220705,2,122.661429653953,8.20437298078571,"FIBRINOLYSIS","DEFENSE_RESPONSE"
"GO:0002460","Discovery",-3.9548404917666,1,9012.40068205656,5.64121413409796,"ADAPTIVE_IMMUNE_RESPONSE_BASED_ON_SOMATIC_RECOMBINATION_OF_IMMUNE_RECEPTORS_BUILT_FROM_IMMUNOGLOBULIN_SUPERFAMILY_DOMAINS","IMMUNE_RESPONSE"
"GO:0002460","Validation",-5.42985966429959,1,269066.521562405,5.64121413409796,"ADAPTIVE_IMMUNE_RESPONSE_BASED_ON_SOMATIC_RECOMBINATION_OF_IMMUNE_RECEPTORS_BUILT_FROM_IMMUNOGLOBULIN_SUPERFAMILY_DOMAINS","IMMUNE_RESPONSE"
"GO:0002684","Discovery",-3.83182354146149,1,6789.27720902398,4.28909945009011,"POSITIVE_REGULATION_OF_IMMUNE_SYSTEM_PROCESS","IMMUNE_RESPONSE"
"GO:0002684","Validation",-4.26034804276008,1,18211.5974786548,4.28909945009011,"POSITIVE_REGULATION_OF_IMMUNE_SYSTEM_PROCESS","IMMUNE_RESPONSE"
"GO:0002443","Discovery",-3.82892247968469,1,6744.0763713098,5.42166125091448,"LEUKOCYTE_MEDIATED_IMMUNITY","IMMUNE_RESPONSE"
"GO:0002443","Validation",-5.95340782099625,1,898271.914121953,5.42166125091448,"LEUKOCYTE_MEDIATED_IMMUNITY","IMMUNE_RESPONSE"
"GO:1901135","Discovery",3.82892247968469,4,0.000148278273397694,4.11742001027975,"CARBOHYDRATE_DERIVATIVE_METABOLIC_PROCESS","PROTEOLYSIS"
"GO:1901135","Validation",0,4,1,4.11742001027975,"CARBOHYDRATE_DERIVATIVE_METABOLIC_PROCESS","PROTEOLYSIS"
"GO:0002449","Discovery",-3.82166417230573,1,6632.30014966038,5.64300785655199,"LYMPHOCYTE_MEDIATED_IMMUNITY","IMMUNE_RESPONSE"
"GO:0002449","Validation",-5.42985966429959,1,269066.521562405,5.64300785655199,"LYMPHOCYTE_MEDIATED_IMMUNITY","IMMUNE_RESPONSE"
"GO:0022008","Discovery",3.77736034803234,5,0.000166970463201692,3.755720615178,"NEUROGENESIS","TISSUE_DEVELOPMENT"
"GO:0022008","Validation",6.78038073070275,5,1.65813264349007e-07,3.755720615178,"NEUROGENESIS","TISSUE_DEVELOPMENT"
"GO:0061041","Discovery",-3.70986087334196,2,5126.9711466345,6.71329966843264,"REGULATION_OF_WOUND_HEALING","DEFENSE_RESPONSE"
"GO:0061041","Validation",-3.23575622613897,2,1720.90234403843,6.71329966843264,"REGULATION_OF_WOUND_HEALING","DEFENSE_RESPONSE"
"GO:0030030","Discovery",3.68971328455507,6,0.00020430863179648,3.95322345715148,"CELL_PROJECTION_ORGANIZATION","CELL_PROJECTION_ORGANIZATION"
"GO:0030030","Validation",7.17845432137145,6,6.63049082795789e-08,3.95322345715148,"CELL_PROJECTION_ORGANIZATION","CELL_PROJECTION_ORGANIZATION"
"GO:0042060","Discovery",-3.54759532233812,2,3528.54225315937,5.46879810629341,"WOUND_HEALING","DEFENSE_RESPONSE"
"GO:0042060","Validation",-2.48524676286331,2,305.665738967422,5.46879810629341,"WOUND_HEALING","DEFENSE_RESPONSE"
"GO:0030168","Discovery",-3.07014370931716,2,1175.28639631539,6.77261624558906,"PLATELET_ACTIVATION","DEFENSE_RESPONSE"
"GO:0030168","Validation",0,2,1,6.77261624558906,"PLATELET_ACTIVATION","DEFENSE_RESPONSE"
"GO:0032989","Discovery",2.96486526687961,5,0.00108426323768472,4.80085271770741,"CELLULAR_COMPONENT_MORPHOGENESIS","TISSUE_DEVELOPMENT"
"GO:0032989","Validation",6.97988196213356,5,1.04741318813555e-07,4.80085271770741,"CELLULAR_COMPONENT_MORPHOGENESIS","TISSUE_DEVELOPMENT"
"GO:0032990","Discovery",2.89860482527216,5,0.00126297622356866,4.93471562036315,"CELL_PART_MORPHOGENESIS","TISSUE_DEVELOPMENT"
"GO:0032990","Validation",6.5676754432646,5,2.70597984017378e-07,4.93471562036315,"CELL_PART_MORPHOGENESIS","TISSUE_DEVELOPMENT"
"GO:0061564","Discovery",2.7324819049705,5,0.00185147603498633,5.23217120464191,"AXON_DEVELOPMENT","TISSUE_DEVELOPMENT"
"GO:0061564","Validation",6.97205725694084,5,1.06645551155634e-07,5.23217120464191,"AXON_DEVELOPMENT","TISSUE_DEVELOPMENT"
"GO:0016052","Discovery",2.712188423272,4,0.00194004398629279,6.46024156054691,"CARBOHYDRATE_CATABOLIC_PROCESS","PROTEOLYSIS"
"GO:0016052","Validation",0,4,1,6.46024156054691,"CARBOHYDRATE_CATABOLIC_PROCESS","PROTEOLYSIS"
"GO:0007610","Discovery",2.69786263516683,3,0.00200510613055217,4.95978407722577,"BEHAVIOR","CELLULAR_MACROMOLECULE_LOCALIZATION"
"GO:0007610","Validation",3.01490854784459,3,0.000966254327896947,4.95978407722577,"BEHAVIOR","CELLULAR_MACROMOLECULE_LOCALIZATION"
"GO:0042742","Discovery",-2.66307970644975,2,460.34105262874,5.62697901827609,"DEFENSE_RESPONSE_TO_BACTERIUM","DEFENSE_RESPONSE"
"GO:0042742","Validation",0,2,1,5.62697901827609,"DEFENSE_RESPONSE_TO_BACTERIUM","DEFENSE_RESPONSE"
"GO:0006957","Discovery",-2.65621322054052,1,453.119988384274,8.83007888055012,"COMPLEMENT_ACTIVATION_ALTERNATIVE_PATHWAY","IMMUNE_RESPONSE"
"GO:0006957","Validation",-1.48178060979893,1,30.3235895679405,8.83007888055012,"COMPLEMENT_ACTIVATION_ALTERNATIVE_PATHWAY","IMMUNE_RESPONSE"
"GO:1903035","Discovery",-2.61814515592158,2,415.092757506562,7.09803864602369,"NEGATIVE_REGULATION_OF_RESPONSE_TO_WOUNDING","DEFENSE_RESPONSE"
"GO:1903035","Validation",-1.43248938944806,2,27.0700706633235,7.09803864602369,"NEGATIVE_REGULATION_OF_RESPONSE_TO_WOUNDING","DEFENSE_RESPONSE"
"GO:0002440","Discovery",-2.60117085066413,4,399.18190891846,5.89946500637552,"PRODUCTION_OF_MOLECULAR_MEDIATOR_OF_IMMUNE_RESPONSE","PROTEOLYSIS"
"GO:0002440","Validation",0,4,1,5.89946500637552,"PRODUCTION_OF_MOLECULAR_MEDIATOR_OF_IMMUNE_RESPONSE","PROTEOLYSIS"
"GO:0048667","Discovery",2.55795864773458,5,0.00276720511814166,5.10911111188468,"CELL_MORPHOGENESIS_INVOLVED_IN_NEURON_DIFFERENTIATION","TISSUE_DEVELOPMENT"
"GO:0048667","Validation",7.08920062254508,5,8.14328017899315e-08,5.10911111188468,"CELL_MORPHOGENESIS_INVOLVED_IN_NEURON_DIFFERENTIATION","TISSUE_DEVELOPMENT"
"GO:0006953","Discovery",-2.31059372445541,2,204.453111565806,8.03374746375495,"ACUTE_PHASE_RESPONSE","DEFENSE_RESPONSE"
"GO:0006953","Validation",-2.18573236479735,2,153.367156208278,8.03374746375495,"ACUTE_PHASE_RESPONSE","DEFENSE_RESPONSE"
"GO:0050864","Discovery",-2.31059372445541,3,204.453111565806,6.40489146546374,"REGULATION_OF_B_CELL_ACTIVATION","CELLULAR_MACROMOLECULE_LOCALIZATION"
"GO:0050864","Validation",0,3,1,6.40489146546374,"REGULATION_OF_B_CELL_ACTIVATION","CELLULAR_MACROMOLECULE_LOCALIZATION"
"GO:0006909","Discovery",-2.31059372445541,3,204.453111565806,5.77525769062612,"PHAGOCYTOSIS","CELLULAR_MACROMOLECULE_LOCALIZATION"
"GO:0006909","Validation",0,3,1,5.77525769062612,"PHAGOCYTOSIS","CELLULAR_MACROMOLECULE_LOCALIZATION"
"GO:0006508","Discovery",-2.31059372445541,4,204.453111565806,3.82964032447438,"PROTEOLYSIS","PROTEOLYSIS"
"GO:0006508","Validation",0,4,1,3.82964032447438,"PROTEOLYSIS","PROTEOLYSIS"
"GO:0032102","Discovery",-2.30972172313023,2,204.043010752688,5.57198234252864,"NEGATIVE_REGULATION_OF_RESPONSE_TO_EXTERNAL_STIMULUS","DEFENSE_RESPONSE"
"GO:0032102","Validation",0,2,1,5.57198234252864,"NEGATIVE_REGULATION_OF_RESPONSE_TO_EXTERNAL_STIMULUS","DEFENSE_RESPONSE"
"GO:0060322","Discovery",2.28019079293054,5,0.00524576954069299,4.77263887526347,"HEAD_DEVELOPMENT","TISSUE_DEVELOPMENT"
"GO:0060322","Validation",2.34338220909338,5,0.00453542292465546,4.77263887526347,"HEAD_DEVELOPMENT","TISSUE_DEVELOPMENT"
"GO:0002526","Discovery",-2.2450227919733,2,175.801587301587,7.04559217065115,"ACUTE_INFLAMMATORY_RESPONSE","DEFENSE_RESPONSE"
"GO:0002526","Validation",-1.56504242442622,2,36.7318180534771,7.04559217065115,"ACUTE_INFLAMMATORY_RESPONSE","DEFENSE_RESPONSE"
"GO:0002377","Discovery",-2.23792248484243,4,172.950764006791,6.37832443807902,"IMMUNOGLOBULIN_PRODUCTION","PROTEOLYSIS"
"GO:0002377","Validation",-1.77017582004,4,58.9082091437232,6.37832443807902,"IMMUNOGLOBULIN_PRODUCTION","PROTEOLYSIS"
"GO:0050808","Discovery",2.20679764686397,6,0.0062115838644329,5.31529404789185,"SYNAPSE_ORGANIZATION","CELL_PROJECTION_ORGANIZATION"
"GO:0050808","Validation",4.19227978802151,6,6.42273808269689e-05,5.31529404789185,"SYNAPSE_ORGANIZATION","CELL_PROJECTION_ORGANIZATION"
"GO:0034109","Discovery",-2.1792807630474,3,151.105670762929,7.25604289516694,"HOMOTYPIC_CELL_CELL_ADHESION","CELLULAR_MACROMOLECULE_LOCALIZATION"
"GO:0034109","Validation",0,3,1,7.25604289516694,"HOMOTYPIC_CELL_CELL_ADHESION","CELLULAR_MACROMOLECULE_LOCALIZATION"
"GO:0007417","Discovery",2.1792807630474,5,0.00661788531794355,4.43724132977202,"CENTRAL_NERVOUS_SYSTEM_DEVELOPMENT","TISSUE_DEVELOPMENT"
"GO:0007417","Validation",5.24307282104387,5,5.71382821081725e-06,4.43724132977202,"CENTRAL_NERVOUS_SYSTEM_DEVELOPMENT","TISSUE_DEVELOPMENT"
"GO:0006910","Discovery",-2.16058728483513,3,144.739572255701,7.25604289516694,"PHAGOCYTOSIS_RECOGNITION","CELLULAR_MACROMOLECULE_LOCALIZATION"
"GO:0006910","Validation",-1.79010751291061,3,61.6747663551402,7.25604289516694,"PHAGOCYTOSIS_RECOGNITION","CELLULAR_MACROMOLECULE_LOCALIZATION"
"GO:0050853","Discovery",-2.16058728483513,3,144.739572255701,6.82977465942901,"B_CELL_RECEPTOR_SIGNALING_PATHWAY","CELLULAR_MACROMOLECULE_LOCALIZATION"
"GO:0050853","Validation",0,3,1,6.82977465942901,"B_CELL_RECEPTOR_SIGNALING_PATHWAY","CELLULAR_MACROMOLECULE_LOCALIZATION"
"GO:0050871","Discovery",-2.16058728483513,3,144.739572255701,6.72913113364932,"POSITIVE_REGULATION_OF_B_CELL_ACTIVATION","CELLULAR_MACROMOLECULE_LOCALIZATION"
"GO:0050871","Validation",0,3,1,6.72913113364932,"POSITIVE_REGULATION_OF_B_CELL_ACTIVATION","CELLULAR_MACROMOLECULE_LOCALIZATION"
"GO:1903034","Discovery",-2.15519083316633,2,142.952196620584,6.51883572481296,"REGULATION_OF_RESPONSE_TO_WOUNDING","DEFENSE_RESPONSE"
"GO:1903034","Validation",0,2,1,6.51883572481296,"REGULATION_OF_RESPONSE_TO_WOUNDING","DEFENSE_RESPONSE"
"GO:0006897","Discovery",-2.10217050211422,3,126.523297491039,5.02052203275344,"ENDOCYTOSIS","CELLULAR_MACROMOLECULE_LOCALIZATION"
"GO:0006897","Validation",0,3,1,5.02052203275344,"ENDOCYTOSIS","CELLULAR_MACROMOLECULE_LOCALIZATION"
"GO:0009628","Discovery",2.09239277434161,2,0.00808364486598592,4.50796380676366,"RESPONSE_TO_ABIOTIC_STIMULUS","DEFENSE_RESPONSE"
"GO:0009628","Validation",0,2,1,4.50796380676366,"RESPONSE_TO_ABIOTIC_STIMULUS","DEFENSE_RESPONSE"
"GO:0031638","Discovery",-2.06922908704218,4,117.281385281385,7.52292183998895,"ZYMOGEN_ACTIVATION","PROTEOLYSIS"
"GO:0031638","Validation",-1.4412072743863,4,27.618957031466,7.52292183998895,"ZYMOGEN_ACTIVATION","PROTEOLYSIS"
"GO:0032101","Discovery",-2.05637610110561,2,113.861290322581,4.56373151773544,"REGULATION_OF_RESPONSE_TO_EXTERNAL_STIMULUS","DEFENSE_RESPONSE"
"GO:0032101","Validation",0,2,1,4.56373151773544,"REGULATION_OF_RESPONSE_TO_EXTERNAL_STIMULUS","DEFENSE_RESPONSE"
"GO:1901136","Discovery",2.04687312153707,4,0.00897691015240488,6.0962761833455,"CARBOHYDRATE_DERIVATIVE_CATABOLIC_PROCESS","PROTEOLYSIS"
"GO:1901136","Validation",0,4,1,6.0962761833455,"CARBOHYDRATE_DERIVATIVE_CATABOLIC_PROCESS","PROTEOLYSIS"
"GO:0070727","Discovery",1.94507827161692,3,0.0113480627444433,3.67202358141893,"CELLULAR_MACROMOLECULE_LOCALIZATION","CELLULAR_MACROMOLECULE_LOCALIZATION"
"GO:0070727","Validation",0,3,1,3.67202358141893,"CELLULAR_MACROMOLECULE_LOCALIZATION","CELLULAR_MACROMOLECULE_LOCALIZATION"
"GO:0007416","Discovery",1.87769312137703,6,0.0132527766435519,6.24526131987186,"SYNAPSE_ASSEMBLY","CELL_PROJECTION_ORGANIZATION"
"GO:0007416","Validation",1.87723854343044,6,0.0132666556455613,6.24526131987186,"SYNAPSE_ASSEMBLY","CELL_PROJECTION_ORGANIZATION"
"GO:0034330","Discovery",1.87769312137703,6,0.0132527766435519,4.8779993909213,"CELL_JUNCTION_ORGANIZATION","CELL_PROJECTION_ORGANIZATION"
"GO:0034330","Validation",4.3367220394407,6,4.60551244890985e-05,4.8779993909213,"CELL_JUNCTION_ORGANIZATION","CELL_PROJECTION_ORGANIZATION"
"GO:0043603","Discovery",1.87376335670221,4,0.0133732401431294,4.19534989232049,"CELLULAR_AMIDE_METABOLIC_PROCESS","PROTEOLYSIS"
"GO:0043603","Validation",0,4,1,4.19534989232049,"CELLULAR_AMIDE_METABOLIC_PROCESS","PROTEOLYSIS"
"GO:0009617","Discovery",-1.82800645041754,2,67.2986651835373,4.8956989680207,"RESPONSE_TO_BACTERIUM","DEFENSE_RESPONSE"
"GO:0009617","Validation",-1.31101302737267,2,20.4650602409639,4.8956989680207,"RESPONSE_TO_BACTERIUM","DEFENSE_RESPONSE"
"GO:0046031","Discovery",1.81946171018479,4,0.0151543840728136,7.06029831804084,"ADP_METABOLIC_PROCESS","PROTEOLYSIS"
"GO:0046031","Validation",0,4,1,7.06029831804084,"ADP_METABOLIC_PROCESS","PROTEOLYSIS"
"GO:0009132","Discovery",1.81946171018479,4,0.0151543840728136,6.6184655657618,"NUCLEOSIDE_DIPHOSPHATE_METABOLIC_PROCESS","PROTEOLYSIS"
"GO:0009132","Validation",0,4,1,6.6184655657618,"NUCLEOSIDE_DIPHOSPHATE_METABOLIC_PROCESS","PROTEOLYSIS"
"GO:0046939","Discovery",1.81946171018479,4,0.0151543840728136,6.89666889425904,"NUCLEOTIDE_PHOSPHORYLATION","PROTEOLYSIS"
"GO:0046939","Validation",0,4,1,6.89666889425904,"NUCLEOTIDE_PHOSPHORYLATION","PROTEOLYSIS"
"GO:0009185","Discovery",1.81946171018479,4,0.0151543840728136,6.87797676124689,"RIBONUCLEOSIDE_DIPHOSPHATE_METABOLIC_PROCESS","PROTEOLYSIS"
"GO:0009185","Validation",0,4,1,6.87797676124689,"RIBONUCLEOSIDE_DIPHOSPHATE_METABOLIC_PROCESS","PROTEOLYSIS"
"GO:0072521","Discovery",1.78388423499121,4,0.016448101033656,5.12716789563193,"PURINE_CONTAINING_COMPOUND_METABOLIC_PROCESS","PROTEOLYSIS"
"GO:0072521","Validation",0,4,1,5.12716789563193,"PURINE_CONTAINING_COMPOUND_METABOLIC_PROCESS","PROTEOLYSIS"
"GO:0019730","Discovery",-1.76857167318026,2,58.6910221531286,6.70288290757439,"ANTIMICROBIAL_HUMORAL_RESPONSE","DEFENSE_RESPONSE"
"GO:0019730","Validation",0,2,1,6.70288290757439,"ANTIMICROBIAL_HUMORAL_RESPONSE","DEFENSE_RESPONSE"
"GO:0050803","Discovery",1.76857167318026,3,0.0170383810558101,6.22578018430004,"REGULATION_OF_SYNAPSE_STRUCTURE_OR_ACTIVITY","CELLULAR_MACROMOLECULE_LOCALIZATION"
"GO:0050803","Validation",2.65155651412345,3,0.00223071190922517,6.22578018430004,"REGULATION_OF_SYNAPSE_STRUCTURE_OR_ACTIVITY","CELLULAR_MACROMOLECULE_LOCALIZATION"
"GO:0050877","Discovery",1.76770290112482,3,0.017072499114905,4.23408106723359,"NERVOUS_SYSTEM_PROCESS","CELLULAR_MACROMOLECULE_LOCALIZATION"
"GO:0050877","Validation",2.08073851014662,3,0.00830350573303084,4.23408106723359,"NERVOUS_SYSTEM_PROCESS","CELLULAR_MACROMOLECULE_LOCALIZATION"
"GO:0010324","Discovery",-1.74012323373018,6,54.9696831586232,6.89666889425904,"MEMBRANE_INVAGINATION","CELL_PROJECTION_ORGANIZATION"
"GO:0010324","Validation",0,6,1,6.89666889425904,"MEMBRANE_INVAGINATION","CELL_PROJECTION_ORGANIZATION"
"GO:0006022","Discovery",1.74012323373018,4,0.0181918458055207,6.46024156054691,"AMINOGLYCAN_METABOLIC_PROCESS","PROTEOLYSIS"
"GO:0006022","Validation",0,4,1,6.46024156054691,"AMINOGLYCAN_METABOLIC_PROCESS","PROTEOLYSIS"
"GO:0019693","Discovery",1.73588255902328,4,0.0183703504323968,5.20980417449501,"RIBOSE_PHOSPHATE_METABOLIC_PROCESS","PROTEOLYSIS"
"GO:0019693","Validation",0,4,1,5.20980417449501,"RIBOSE_PHOSPHATE_METABOLIC_PROCESS","PROTEOLYSIS"
"GO:1903036","Discovery",-1.72960723587892,2,53.6546338965694,7.45471358996242,"POSITIVE_REGULATION_OF_RESPONSE_TO_WOUNDING","DEFENSE_RESPONSE"
"GO:1903036","Validation",0,2,1,7.45471358996242,"POSITIVE_REGULATION_OF_RESPONSE_TO_WOUNDING","DEFENSE_RESPONSE"
"GO:0090303","Discovery",-1.72960723587892,2,53.6546338965694,7.6615080032751,"POSITIVE_REGULATION_OF_WOUND_HEALING","DEFENSE_RESPONSE"
"GO:0090303","Validation",0,2,1,7.6615080032751,"POSITIVE_REGULATION_OF_WOUND_HEALING","DEFENSE_RESPONSE"
"GO:0042113","Discovery",-1.72960723587892,3,53.6546338965694,5.70027188374156,"B_CELL_ACTIVATION","CELLULAR_MACROMOLECULE_LOCALIZATION"
"GO:0042113","Validation",0,3,1,5.70027188374156,"B_CELL_ACTIVATION","CELLULAR_MACROMOLECULE_LOCALIZATION"
"GO:0031639","Discovery",-1.71110606004012,4,51.4169202678028,8.38205415802316,"PLASMINOGEN_ACTIVATION","PROTEOLYSIS"
"GO:0031639","Validation",0,4,1,8.38205415802316,"PLASMINOGEN_ACTIVATION","PROTEOLYSIS"
"GO:0006091","Discovery",1.70384411968838,4,0.0197767935660266,5.09551968468115,"GENERATION_OF_PRECURSOR_METABOLITES_AND_ENERGY","PROTEOLYSIS"
"GO:0006091","Validation",0,4,1,5.09551968468115,"GENERATION_OF_PRECURSOR_METABOLITES_AND_ENERGY","PROTEOLYSIS"
"GO:0002920","Discovery",-1.59429571209894,1,39.2912379268986,7.7608804770883,"REGULATION_OF_HUMORAL_IMMUNE_RESPONSE","IMMUNE_RESPONSE"
"GO:0002920","Validation",0,1,1,7.7608804770883,"REGULATION_OF_HUMORAL_IMMUNE_RESPONSE","IMMUNE_RESPONSE"
"GO:0031344","Discovery",1.59429571209894,6,0.0254509670033941,5.14228697412358,"REGULATION_OF_CELL_PROJECTION_ORGANIZATION","CELL_PROJECTION_ORGANIZATION"
"GO:0031344","Validation",4.26034804276008,6,5.49100649282452e-05,5.14228697412358,"REGULATION_OF_CELL_PROJECTION_ORGANIZATION","CELL_PROJECTION_ORGANIZATION"
"GO:0019731","Discovery",-1.59335027201997,2,39.2057956574086,7.63483975619294,"ANTIBACTERIAL_HUMORAL_RESPONSE","DEFENSE_RESPONSE"
"GO:0019731","Validation",0,2,1,7.63483975619294,"ANTIBACTERIAL_HUMORAL_RESPONSE","DEFENSE_RESPONSE"
"GO:0051668","Discovery",1.54768984909957,3,0.0283341475329751,5.00522536737796,"LOCALIZATION_WITHIN_MEMBRANE","CELLULAR_MACROMOLECULE_LOCALIZATION"
"GO:0051668","Validation",2.29128988958525,3,0.00511340404214182,5.00522536737796,"LOCALIZATION_WITHIN_MEMBRANE","CELLULAR_MACROMOLECULE_LOCALIZATION"
"GO:0009611","Discovery",-1.5193601672864,2,33.0643635364849,5.22979308223694,"RESPONSE_TO_WOUNDING","DEFENSE_RESPONSE"
"GO:0009611","Validation",0,2,1,5.22979308223694,"RESPONSE_TO_WOUNDING","DEFENSE_RESPONSE"
"GO:0006090","Discovery",1.49949318052239,4,0.0316597017645908,6.84160911707601,"PYRUVATE_METABOLIC_PROCESS","PROTEOLYSIS"
"GO:0006090","Validation",0,4,1,6.84160911707601,"PYRUVATE_METABOLIC_PROCESS","PROTEOLYSIS"
"GO:0002697","Discovery",-1.47971652963404,1,30.179811968699,5.491682400127,"REGULATION_OF_IMMUNE_EFFECTOR_PROCESS","IMMUNE_RESPONSE"
"GO:0002697","Validation",-1.55915008962037,1,36.2368209102652,5.491682400127,"REGULATION_OF_IMMUNE_EFFECTOR_PROCESS","IMMUNE_RESPONSE"
"GO:0080134","Discovery",-1.46492573295068,2,29.1692815854666,4.21237882659493,"REGULATION_OF_RESPONSE_TO_STRESS","DEFENSE_RESPONSE"
"GO:0080134","Validation",0,2,1,4.21237882659493,"REGULATION_OF_RESPONSE_TO_STRESS","DEFENSE_RESPONSE"
"GO:0006518","Discovery",1.44986783228137,4,0.0354921385108662,4.43455676440135,"PEPTIDE_METABOLIC_PROCESS","PROTEOLYSIS"
"GO:0006518","Validation",0,4,1,4.43455676440135,"PEPTIDE_METABOLIC_PROCESS","PROTEOLYSIS"
"GO:0097485","Discovery",1.44681032197791,5,0.0357428911067506,5.99176348461001,"NEURON_PROJECTION_GUIDANCE","TISSUE_DEVELOPMENT"
"GO:0097485","Validation",4.27488344474255,5,5.31026941268532e-05,5.99176348461001,"NEURON_PROJECTION_GUIDANCE","TISSUE_DEVELOPMENT"
"GO:0016192","Discovery",-1.4281090619967,3,26.7984121418553,3.75980837124481,"VESICLE_MEDIATED_TRANSPORT","CELLULAR_MACROMOLECULE_LOCALIZATION"
"GO:0016192","Validation",0,3,1,3.75980837124481,"VESICLE_MEDIATED_TRANSPORT","CELLULAR_MACROMOLECULE_LOCALIZATION"
"GO:0009888","Discovery",1.4281090619967,5,0.0373156437294336,3.52439739148695,"TISSUE_DEVELOPMENT","TISSUE_DEVELOPMENT"
"GO:0009888","Validation",0,5,1,3.52439739148695,"TISSUE_DEVELOPMENT","TISSUE_DEVELOPMENT"
"GO:0055086","Discovery",1.41174951915322,4,0.0387481061531694,4.67801245616955,"NUCLEOBASE_CONTAINING_SMALL_MOLECULE_METABOLIC_PROCESS","PROTEOLYSIS"
"GO:0055086","Validation",0,4,1,4.67801245616955,"NUCLEOBASE_CONTAINING_SMALL_MOLECULE_METABOLIC_PROCESS","PROTEOLYSIS"
"GO:0010975","Discovery",1.39813348261507,5,0.0399821843599572,5.58375707907317,"REGULATION_OF_NEURON_PROJECTION_DEVELOPMENT","TISSUE_DEVELOPMENT"
"GO:0010975","Validation",4.40471825420141,5,3.9380547141266e-05,5.58375707907317,"REGULATION_OF_NEURON_PROJECTION_DEVELOPMENT","TISSUE_DEVELOPMENT"
"GO:0010810","Discovery",-1.39051762080188,3,24.5763634384412,6.36345427559957,"REGULATION_OF_CELL_SUBSTRATE_ADHESION","CELLULAR_MACROMOLECULE_LOCALIZATION"
"GO:0010810","Validation",0,3,1,6.36345427559957,"REGULATION_OF_CELL_SUBSTRATE_ADHESION","CELLULAR_MACROMOLECULE_LOCALIZATION"
"GO:0099536","Discovery",1.37486233240166,3,0.0421830198765612,4.68349943838581,"SYNAPTIC_SIGNALING","CELLULAR_MACROMOLECULE_LOCALIZATION"
"GO:0099536","Validation",2.08870802220705,3,0.00815252196897717,4.68349943838581,"SYNAPTIC_SIGNALING","CELLULAR_MACROMOLECULE_LOCALIZATION"
"GO:0005996","Discovery",1.33894370237946,4,0.0458201279525097,6.03067890085968,"MONOSACCHARIDE_METABOLIC_PROCESS","PROTEOLYSIS"
"GO:0005996","Validation",0,4,1,6.03067890085968,"MONOSACCHARIDE_METABOLIC_PROCESS","PROTEOLYSIS"
"GO:0070482","Discovery",1.32111023616977,2,0.0477408078662232,5.97410854937129,"RESPONSE_TO_OXYGEN_LEVELS","DEFENSE_RESPONSE"
"GO:0070482","Validation",0,2,1,5.97410854937129,"RESPONSE_TO_OXYGEN_LEVELS","DEFENSE_RESPONSE"
"GO:1901137","Discovery",1.30163197255104,4,0.0499307428595301,4.6759625750281,"CARBOHYDRATE_DERIVATIVE_BIOSYNTHETIC_PROCESS","PROTEOLYSIS"
"GO:1901137","Validation",0,4,1,4.6759625750281,"CARBOHYDRATE_DERIVATIVE_BIOSYNTHETIC_PROCESS","PROTEOLYSIS"
"GO:0000904","Discovery",0,5,1,4.90423872956883,"CELL_MORPHOGENESIS_INVOLVED_IN_DIFFERENTIATION","TISSUE_DEVELOPMENT"
"GO:0000904","Validation",4.3367220394407,5,4.60551244890985e-05,4.90423872956883,"CELL_MORPHOGENESIS_INVOLVED_IN_DIFFERENTIATION","TISSUE_DEVELOPMENT"
"GO:0000902","Discovery",0,5,1,4.561293978442,"CELL_MORPHOGENESIS","TISSUE_DEVELOPMENT"
"GO:0000902","Validation",4.18150781779005,5,6.58403577830399e-05,4.561293978442,"CELL_MORPHOGENESIS","TISSUE_DEVELOPMENT"
"GO:0051960","Discovery",0,5,1,5.55375482876937,"REGULATION_OF_NERVOUS_SYSTEM_DEVELOPMENT","TISSUE_DEVELOPMENT"
"GO:0051960","Validation",3.99651458499279,5,0.000100805775500375,5.55375482876937,"REGULATION_OF_NERVOUS_SYSTEM_DEVELOPMENT","TISSUE_DEVELOPMENT"
"GO:0050767","Discovery",0,5,1,5.80436577478419,"REGULATION_OF_NEUROGENESIS","TISSUE_DEVELOPMENT"
"GO:0050767","Validation",3.24533559196563,5,0.000568413531445004,5.80436577478419,"REGULATION_OF_NEUROGENESIS","TISSUE_DEVELOPMENT"
"GO:0051962","Discovery",0,5,1,6.14549016612691,"POSITIVE_REGULATION_OF_NERVOUS_SYSTEM_DEVELOPMENT","TISSUE_DEVELOPMENT"
"GO:0051962","Validation",3.22457620332458,5,0.000596243690970943,6.14549016612691,"POSITIVE_REGULATION_OF_NERVOUS_SYSTEM_DEVELOPMENT","TISSUE_DEVELOPMENT"
"GO:0050770","Discovery",0,5,1,6.76707606521344,"REGULATION_OF_AXONOGENESIS","TISSUE_DEVELOPMENT"
"GO:0050770","Validation",3.08995427283139,5,0.000812916104161249,6.76707606521344,"REGULATION_OF_AXONOGENESIS","TISSUE_DEVELOPMENT"
"GO:0098609","Discovery",0,3,1,4.56251200538918,"CELL_CELL_ADHESION","CELLULAR_MACROMOLECULE_LOCALIZATION"
"GO:0098609","Validation",3.04430873640058,3,0.000903007304974259,4.56251200538918,"CELL_CELL_ADHESION","CELLULAR_MACROMOLECULE_LOCALIZATION"
"GO:0022610","Discovery",0,3,1,Inf,"BIOLOGICAL_ADHESION","CELLULAR_MACROMOLECULE_LOCALIZATION"
"GO:0022610","Validation",3.01490854784459,3,0.000966254327896947,Inf,"BIOLOGICAL_ADHESION","CELLULAR_MACROMOLECULE_LOCALIZATION"
"GO:0021700","Discovery",0,5,1,6.15743060649883,"DEVELOPMENTAL_MATURATION","TISSUE_DEVELOPMENT"
"GO:0021700","Validation",2.84253159577581,5,0.00143703850218224,6.15743060649883,"DEVELOPMENTAL_MATURATION","TISSUE_DEVELOPMENT"
"GO:0032535","Discovery",0,6,1,5.80436577478419,"REGULATION_OF_CELLULAR_COMPONENT_SIZE","CELL_PROJECTION_ORGANIZATION"
"GO:0032535","Validation",2.5225904729157,6,0.00300199197598406,5.80436577478419,"REGULATION_OF_CELLULAR_COMPONENT_SIZE","CELL_PROJECTION_ORGANIZATION"
"GO:0099177","Discovery",0,3,1,5.40312900278555,"REGULATION_OF_TRANS_SYNAPTIC_SIGNALING","CELLULAR_MACROMOLECULE_LOCALIZATION"
"GO:0099177","Validation",2.43651040722101,3,0.00366007169635772,5.40312900278555,"REGULATION_OF_TRANS_SYNAPTIC_SIGNALING","CELLULAR_MACROMOLECULE_LOCALIZATION"
"GO:0050769","Discovery",0,5,1,6.38207678769757,"POSITIVE_REGULATION_OF_NEUROGENESIS","TISSUE_DEVELOPMENT"
"GO:0050769","Validation",2.33968067665465,5,0.00457424396056852,6.38207678769757,"POSITIVE_REGULATION_OF_NEUROGENESIS","TISSUE_DEVELOPMENT"
"GO:0030534","Discovery",0,3,1,6.93513517508684,"ADULT_BEHAVIOR","CELLULAR_MACROMOLECULE_LOCALIZATION"
"GO:0030534","Validation",2.33968067665465,3,0.00457424396056852,6.93513517508684,"ADULT_BEHAVIOR","CELLULAR_MACROMOLECULE_LOCALIZATION"
"GO:0031346","Discovery",0,6,1,5.8630145018657,"POSITIVE_REGULATION_OF_CELL_PROJECTION_ORGANIZATION","CELL_PROJECTION_ORGANIZATION"
"GO:0031346","Validation",2.32237576905804,6,0.004760189378345,5.8630145018657,"POSITIVE_REGULATION_OF_CELL_PROJECTION_ORGANIZATION","CELL_PROJECTION_ORGANIZATION"
"GO:0008361","Discovery",0,6,1,6.60898682180726,"REGULATION_OF_CELL_SIZE","CELL_PROJECTION_ORGANIZATION"
"GO:0008361","Validation",2.27922438323955,6,0.00525745563714712,6.60898682180726,"REGULATION_OF_CELL_SIZE","CELL_PROJECTION_ORGANIZATION"
"GO:0061387","Discovery",0,6,1,7.12929118952779,"REGULATION_OF_EXTENT_OF_CELL_GROWTH","CELL_PROJECTION_ORGANIZATION"
"GO:0061387","Validation",2.27922438323955,6,0.00525745563714712,7.12929118952779,"REGULATION_OF_EXTENT_OF_CELL_GROWTH","CELL_PROJECTION_ORGANIZATION"
"GO:0007612","Discovery",0,3,1,6.81807861966582,"LEARNING","CELLULAR_MACROMOLECULE_LOCALIZATION"
"GO:0007612","Validation",2.09800613538656,3,0.00797983413877454,6.81807861966582,"LEARNING","CELLULAR_MACROMOLECULE_LOCALIZATION"
"GO:0048638","Discovery",0,5,1,6.01232976219149,"REGULATION_OF_DEVELOPMENTAL_GROWTH","TISSUE_DEVELOPMENT"
"GO:0048638","Validation",2.07754320910476,5,0.00836482367776088,6.01232976219149,"REGULATION_OF_DEVELOPMENTAL_GROWTH","TISSUE_DEVELOPMENT"
"GO:0008038","Discovery",0,5,1,7.976589049915,"NEURON_RECOGNITION","TISSUE_DEVELOPMENT"
"GO:0008038","Validation",2.06397906359319,5,0.00863020151117248,7.976589049915,"NEURON_RECOGNITION","TISSUE_DEVELOPMENT"
"GO:0060560","Discovery",0,5,1,6.20038199369443,"DEVELOPMENTAL_GROWTH_INVOLVED_IN_MORPHOGENESIS","TISSUE_DEVELOPMENT"
"GO:0060560","Validation",1.9637007537183,5,0.0108717447232225,6.20038199369443,"DEVELOPMENTAL_GROWTH_INVOLVED_IN_MORPHOGENESIS","TISSUE_DEVELOPMENT"
"GO:0007626","Discovery",0,3,1,6.64745310263505,"LOCOMOTORY_BEHAVIOR","CELLULAR_MACROMOLECULE_LOCALIZATION"
"GO:0007626","Validation",1.9014406308438,3,0.0125475625449395,6.64745310263505,"LOCOMOTORY_BEHAVIOR","CELLULAR_MACROMOLECULE_LOCALIZATION"
"GO:0010977","Discovery",0,5,1,6.85358530812273,"NEGATIVE_REGULATION_OF_NEURON_PROJECTION_DEVELOPMENT","TISSUE_DEVELOPMENT"
"GO:0010977","Validation",1.9014406308438,5,0.0125475625449395,6.85358530812273,"NEGATIVE_REGULATION_OF_NEURON_PROJECTION_DEVELOPMENT","TISSUE_DEVELOPMENT"
"GO:0050890","Discovery",0,3,1,5.90178788779166,"COGNITION","CELLULAR_MACROMOLECULE_LOCALIZATION"
"GO:0050890","Validation",1.86982604494599,3,0.0134950331292877,5.90178788779166,"COGNITION","CELLULAR_MACROMOLECULE_LOCALIZATION"
"GO:0034329","Discovery",0,6,1,5.52303293001107,"CELL_JUNCTION_ASSEMBLY","CELL_PROJECTION_ORGANIZATION"
"GO:0034329","Validation",1.79010751291061,6,0.0162140865559462,5.52303293001107,"CELL_JUNCTION_ASSEMBLY","CELL_PROJECTION_ORGANIZATION"
"GO:0042330","Discovery",0,2,1,4.81330424044673,"TAXIS","DEFENSE_RESPONSE"
"GO:0042330","Validation",1.77854909951879,2,0.0166514056331114,4.81330424044673,"TAXIS","DEFENSE_RESPONSE"
"GO:0048588","Discovery",0,5,1,6.26512952308858,"DEVELOPMENTAL_CELL_GROWTH","TISSUE_DEVELOPMENT"
"GO:0048588","Validation",1.77712339054717,5,0.0167061589610771,6.26512952308858,"DEVELOPMENTAL_CELL_GROWTH","TISSUE_DEVELOPMENT"
"GO:1990138","Discovery",0,5,1,6.57650136666277,"NEURON_PROJECTION_EXTENSION","TISSUE_DEVELOPMENT"
"GO:1990138","Validation",1.77017582004,5,0.01697556273626,6.57650136666277,"NEURON_PROJECTION_EXTENSION","TISSUE_DEVELOPMENT"
"GO:0051963","Discovery",0,6,1,6.97514050970053,"REGULATION_OF_SYNAPSE_ASSEMBLY","CELL_PROJECTION_ORGANIZATION"
"GO:0051963","Validation",1.73242216320786,6,0.0185173074245922,6.97514050970053,"REGULATION_OF_SYNAPSE_ASSEMBLY","CELL_PROJECTION_ORGANIZATION"
"GO:0006638","Discovery",0,4,1,6.51453464291357,"NEUTRAL_LIPID_METABOLIC_PROCESS","PROTEOLYSIS"
"GO:0006638","Validation",-1.71139940805936,4,51.4516620098276,6.51453464291357,"NEUTRAL_LIPID_METABOLIC_PROCESS","PROTEOLYSIS"
"GO:0006641","Discovery",0,4,1,6.87797676124689,"TRIGLYCERIDE_METABOLIC_PROCESS","PROTEOLYSIS"
"GO:0006641","Validation",-1.71139940805936,4,51.4516620098276,6.87797676124689,"TRIGLYCERIDE_METABOLIC_PROCESS","PROTEOLYSIS"
"GO:0048675","Discovery",0,5,1,6.92862049406564,"AXON_EXTENSION","TISSUE_DEVELOPMENT"
"GO:0048675","Validation",1.71139940805936,5,0.01943571812722,6.92862049406564,"AXON_EXTENSION","TISSUE_DEVELOPMENT"
"GO:0001764","Discovery",0,5,1,6.64256311734086,"NEURON_MIGRATION","TISSUE_DEVELOPMENT"
"GO:0001764","Validation",1.70865165043813,5,0.0195590766911505,6.64256311734086,"NEURON_MIGRATION","TISSUE_DEVELOPMENT"
"GO:0031644","Discovery",0,3,1,6.84160911707601,"REGULATION_OF_NERVOUS_SYSTEM_PROCESS","CELLULAR_MACROMOLECULE_LOCALIZATION"
"GO:0031644","Validation",1.68310194301627,3,0.0207442652503945,6.84160911707601,"REGULATION_OF_NERVOUS_SYSTEM_PROCESS","CELLULAR_MACROMOLECULE_LOCALIZATION"
"GO:0010001","Discovery",0,5,1,6.1695153457139,"GLIAL_CELL_DIFFERENTIATION","TISSUE_DEVELOPMENT"
"GO:0010001","Validation",1.64863021016679,5,0.0224579334130743,6.1695153457139,"GLIAL_CELL_DIFFERENTIATION","TISSUE_DEVELOPMENT"
"GO:0060284","Discovery",0,5,1,5.50410492012555,"REGULATION_OF_CELL_DEVELOPMENT","TISSUE_DEVELOPMENT"
"GO:0060284","Validation",1.64863021016679,5,0.0224579334130743,5.50410492012555,"REGULATION_OF_CELL_DEVELOPMENT","TISSUE_DEVELOPMENT"
"GO:0042391","Discovery",0,3,1,5.21213517788149,"REGULATION_OF_MEMBRANE_POTENTIAL","CELLULAR_MACROMOLECULE_LOCALIZATION"
"GO:0042391","Validation",1.64156947952675,3,0.0228260371876574,5.21213517788149,"REGULATION_OF_MEMBRANE_POTENTIAL","CELLULAR_MACROMOLECULE_LOCALIZATION"
"GO:0007156","Discovery",0,3,1,6.74521727140095,"HOMOPHILIC_CELL_ADHESION_VIA_PLASMA_MEMBRANE_ADHESION_MOLECULES","CELLULAR_MACROMOLECULE_LOCALIZATION"
"GO:0007156","Validation",1.56504242442622,3,0.0272243535167282,6.74521727140095,"HOMOPHILIC_CELL_ADHESION_VIA_PLASMA_MEMBRANE_ADHESION_MOLECULES","CELLULAR_MACROMOLECULE_LOCALIZATION"
"GO:0007267","Discovery",0,3,1,3.82905484436398,"CELL_CELL_SIGNALING","CELLULAR_MACROMOLECULE_LOCALIZATION"
"GO:0007267","Validation",1.55915008962037,3,0.0275962398157483,3.82905484436398,"CELL_CELL_SIGNALING","CELLULAR_MACROMOLECULE_LOCALIZATION"
"GO:0021537","Discovery",0,5,1,6.11913432142155,"TELENCEPHALON_DEVELOPMENT","TISSUE_DEVELOPMENT"
"GO:0021537","Validation",1.53287726245446,5,0.0293172167272369,6.11913432142155,"TELENCEPHALON_DEVELOPMENT","TISSUE_DEVELOPMENT"
"GO:0051702","Discovery",0,3,1,7.03831941132207,"BIOLOGICAL_PROCESS_INVOLVED_IN_INTERACTION_WITH_SYMBIONT","CELLULAR_MACROMOLECULE_LOCALIZATION"
"GO:0051702","Validation",-1.53248038401332,3,34.0784932056648,7.03831941132207,"BIOLOGICAL_PROCESS_INVOLVED_IN_INTERACTION_WITH_SYMBIONT","CELLULAR_MACROMOLECULE_LOCALIZATION"
"GO:0048589","Discovery",0,5,1,5.19249272082374,"DEVELOPMENTAL_GROWTH","TISSUE_DEVELOPMENT"
"GO:0048589","Validation",1.4412072743863,5,0.0362070153069397,5.19249272082374,"DEVELOPMENTAL_GROWTH","TISSUE_DEVELOPMENT"
"GO:0031345","Discovery",0,6,1,6.55392704462423,"NEGATIVE_REGULATION_OF_CELL_PROJECTION_ORGANIZATION","CELL_PROJECTION_ORGANIZATION"
"GO:0031345","Validation",1.38848933721572,6,0.0408799788827297,6.55392704462423,"NEGATIVE_REGULATION_OF_CELL_PROJECTION_ORGANIZATION","CELL_PROJECTION_ORGANIZATION"
"GO:0098742","Discovery",0,3,1,5.95185794043647,"CELL_CELL_ADHESION_VIA_PLASMA_MEMBRANE_ADHESION_MOLECULES","CELLULAR_MACROMOLECULE_LOCALIZATION"
"GO:0098742","Validation",1.38848933721572,3,0.0408799788827297,5.95185794043647,"CELL_CELL_ADHESION_VIA_PLASMA_MEMBRANE_ADHESION_MOLECULES","CELLULAR_MACROMOLECULE_LOCALIZATION"
"GO:1901888","Discovery",0,6,1,6.38962399333295,"REGULATION_OF_CELL_JUNCTION_ASSEMBLY","CELL_PROJECTION_ORGANIZATION"
"GO:1901888","Validation",1.3753887791334,6,0.0421319170886872,6.38962399333295,"REGULATION_OF_CELL_JUNCTION_ASSEMBLY","CELL_PROJECTION_ORGANIZATION"
"GO:0099173","Discovery",0,6,1,6.46840487118607,"POSTSYNAPSE_ORGANIZATION","CELL_PROJECTION_ORGANIZATION"
"GO:0099173","Validation",1.36134174921001,6,0.0435169301305803,6.46840487118607,"POSTSYNAPSE_ORGANIZATION","CELL_PROJECTION_ORGANIZATION"
"GO:0051130","Discovery",0,6,1,4.5978645241049,"POSITIVE_REGULATION_OF_CELLULAR_COMPONENT_ORGANIZATION","CELL_PROJECTION_ORGANIZATION"
"GO:0051130","Validation",1.36134174921001,6,0.0435169301305803,4.5978645241049,"POSITIVE_REGULATION_OF_CELLULAR_COMPONENT_ORGANIZATION","CELL_PROJECTION_ORGANIZATION"
"GO:0051402","Discovery",0,3,1,6.11913432142155,"NEURON_APOPTOTIC_PROCESS","CELLULAR_MACROMOLECULE_LOCALIZATION"
"GO:0051402","Validation",1.32054478901123,3,0.0478030064122779,6.11913432142155,"NEURON_APOPTOTIC_PROCESS","CELLULAR_MACROMOLECULE_LOCALIZATION"
"GO:0007219","Discovery",0,3,1,6.35977103018327,"NOTCH_SIGNALING_PATHWAY","CELLULAR_MACROMOLECULE_LOCALIZATION"
"GO:0007219","Validation",1.32054478901123,3,0.0478030064122779,6.35977103018327,"NOTCH_SIGNALING_PATHWAY","CELLULAR_MACROMOLECULE_LOCALIZATION"
"GO:0030900","Discovery",0,5,1,5.53585361844013,"FOREBRAIN_DEVELOPMENT","TISSUE_DEVELOPMENT"
"GO:0030900","Validation",1.31101302737267,5,0.0488637701636642,5.53585361844013,"FOREBRAIN_DEVELOPMENT","TISSUE_DEVELOPMENT"
